tz1Kf25fX1VdmYGSEzwFy1wNmkbSEZ2V83sY, 100,
tz1KfEsrtDaA1sX7vdM4qmEPWuSytuqCDp5j, 100,
tz1Kt4P8BCaP93AEV4eA7gmpRryWt5hznjCP, 100,
tz1L2fvQBRrZyStHbNPQWCxWiRUo5MEisKox, 100,
tz1LAnYFmP1Aju8e7KCd7vqvyCx9cj3hoHHU, 100,
tz1LBEKXaxQbd5Gtzbc1ATCwc3pppu81aWGc, 100,
tz1LLNkQK4UQV6QcFShiXJ2vT2ELw449MzAA, 100,
tz1LXpCpLNRhP7G9Yw8dRhWd8ZfH8929uvGo, 100,
tz1Lc87p6zRaDwzJs9kHvdpm7XzeWE8QTwVB, 100,
tz1Ldzz6k1BHdhuKvAtMRX7h5kJSMHESMHLC, 100,
tz1Lhf4J9Qxoe3DZ2nfe8FGDnvVj7oKjnMY6, 100,
tz1LnWa4AiFCjMezTgSNa65QFoo7DQGEWgEU, 100,
tz1MBidfvWhJ64MuJapKExcP5SV4HQWyiJwS, 100,
tz1MDKr36woXfVtrtXfV1ppPJERxPcm2wU6V, 100,
tz1MH387oMRFco3kzz8t3wuqdbpAyTcKZtsg, 100,
tz1MJx9vhaNRSimcuXPK2rW4fLccQnDAnVKJ, 100,
tz1MWhSr4oT8W67CKdxduqp4bkVyF32qsERK, 100,
tz1MXFrtZoaXckE41bjUCSjAjAap3AFDSr3N, 100,
tz1MivraUX9U6nmGAQkm7XkrNVmsPExEUT1W, 100,
tz1MkjfzHNF3kk7PMUDVsaTrF8iRD6fpHftR, 100,
tz1NEKxGEHsFufk87CVZcrqWu8o22qh46GK6, 100,
tz1NHJkUcjHwSGHviyrk2WzpXk2c9uYMKknD, 100,
tz1NL14EZjUmY9eEdk1ejyACEaTuwVGVKEeU, 100,
tz1NMNQYrYrfNpmUqQrMhJypf6ovnaDZhJHM, 100,
tz1NRGxXV9h6SdNaZLcgmjuLx3hyy2f8YoGN, 100,
tz1NSDFKuRyzHxpfG1AMkyCwEiZ52cbR2mRW, 100,
tz1NTYyCYdh4HFvKGE4XYeJAFWhEgN68h91h, 100,
tz1NadALtM1Z4jWBxHbPUgvQrjqQoFJXTZz5, 100,
tz1NkFRjmkqqcGkAhqe78fdgemDNKXvL7Bod, 100,
tz1NoYvKjXTzTk54VpLxBfouJ33J8jwKPPvw, 100,
tz1NortRftucvAkD1J58L32EhSVrQEWJCEnB, 100,
tz1NuUu12WHdW3jHqvkujGHsiTi46Wvw1ci1, 100,
tz1P2Po7YM526ughEsRbY4oR9zaUPDZjxFrb, 100,
tz1PMWrbSda1RvsRi8Xq7GRd3P7739jtyaM8, 100,
tz1PWCDnz783NNGGQjEFFsHtrcK5yBW4E2rm, 100,
tz1PeZx7FXy7QRuMREGXGxeipb24RsMMzUNe, 100,
tz1Q1GmjPwVxjxn81WMHmzdoFGjQDnw691b2, 100,
tz1QHd5o2iqqEigkUwK4QGJvuNRfhz2eY1xh, 100,
tz1QJU1PuKUP5ZQxUr4pHZjCHGRvJSpcXv7G, 100,
tz1QccGQsmt7WMnbVX9inJQgEuQGeMXddfjp, 100,
tz1QdCydwfoU3Pvv2jq5TCsLTNm9Cgk7ptyk, 100,
tz1QhndkpojkUrGMPVbU7BNiSF3dH6qexnyb, 100,
tz1R4PuhxUxBBZhfLJDx2nNjbr7WorAPX1oC, 100,
tz1RHgE6W7SnPdwqL1SAtGWEdynA7HeTbpbN, 100,
tz1RNFBuv3iqriqVbobB8yAeUpTKLdzMQ4Aq, 100,
tz1RNoDLWUjbqqs6uCHtJKgSLAegutbD8cNe, 100,
tz1RQhNh7iB9CZA7i3ifTWNwiGYVffponfbB, 100,
tz1RV1MBbZMR68tacosb7Mwj6LkbPSUS1er1, 100,
tz1S1Aew75hMrPUymqenKfHo8FspppXKpW7h, 100,
tz1S4zxqvZteyYGtN4P1VXjpGW26PipB1zpD, 100,
tz1S5WxdZR5f9NzsPXhr7L9L1vrEb5spZFur, 100,
tz1S6H83gugqK4dR5Had9jWR9M1ZdAAVgU5e, 100,
tz1S7GgVV4FPEGUVzepKBwx22DyNikdpa4X6, 100,
tz1SFtJ3XwU1d6rWTRfJmwVDFpywcp4J743S, 100,
tz1STeamwbp68THcny9zk3LsbG3H36DMvbRK, 100,
tz1SUgyRB8T5jXgXAwS33pgRHAKrafyg87Yc, 100,
tz1SohptP53wDPZhzTWzDUFAUcWF6DMBpaJV, 100,
tz1StDhtR8g2eMs4UyeT45fQeG7MQRPWyPoM, 100,
tz1TDSmoZXwVevLTEvKCTHWpomG76oC9S2fJ, 100,
tz1TKdBNQTFf3DqMga3z2h4MfYv1tPxdDMm4, 100,
tz1TPA3qbr3BKUwMjZE1j4MQbjSfTfgizy8J, 100,
tz1TUByFyn9oCXd5c4wDrDekjhPfXtYn4cyb, 100,
tz1TcH4Nb3aHNDJ7CGZhU7jgAK1BkSP4Lxds, 100,
tz1Tnjaxk6tbAeC2TmMApPh8UsrEVQvhHvx5, 100,
tz1U638Z3xWRiXDDKx2S125MCCaAeGDdA896, 100,
tz1UJvHTgpVzcKWhTazGxVcn5wsHru5Gietg, 100,
tz1UMCB2AHSTwG7YcGNr31CqYCtGN873royv, 100,
tz1UNkf4sWzC5vsKP7FnejSeJsXdc6z8Kzk4, 100,
tz1UVFkBnZzy2WGzs7415DNwsbvuyvz4ZznB, 100,
tz1UvkANVPWppVgMkLnvN7BwYZsCP7vm6NVd, 100,
tz1V2FYediKBAEaTpXXJBSjuQpjkyCzrTSiE, 100,
tz1V3yg82mcrPJbegqVCPn6bC8w1CSTRp3f8, 100,
tz1V4qCyvPKZ5UeqdH14HN42rxvNPQfc9UZg, 100,
tz1VHmaNfUC9BBcm851g2fhgSUq8NxFapuCA, 100,
tz1VQnqCCqX4K5sP3FNkVSNKTdCAMJDd3E1n, 100,
tz1VceyYUpq1gk5dtp6jXQRtCtY8hm5DKt72, 100,
tz1VmiY38m3y95HqQLjMwqnMS7sdMfGomzKi, 100,
tz1Vyuu4EJ5Nym4JcrfRLnp3hpaq1DSEp1Ke, 100,
tz1W1f1JrE7VsqgpUpj1iiDobqP5TixgZhDk, 100,
tz1W1hzXENY5sBq7m7FAjNH8rqebUBY359Cf, 100,
tz1W3VYi3gSt9Xgfw6WNV1aGZRPH2BsskMEY, 100,
tz1W5VkdB5s7ENMESVBtwyt9kyvLqPcUczRT, 100,
tz1WBfwbT66FC6BTLexc2BoyCCBM9LG7pnVW, 100,
tz1WCd2jm4uSt4vntk4vSuUWoZQGhLcDuR9q, 100,
tz1WctSwL49BZtdWAQ75NY6vr4xsAx6oKdah, 100,
tz1Wg9rFk8XKKVC3qN6C7xwnyEduVfQEf4MH, 100,
tz1WnfXMPaNTBmH7DBPwqCWs9cPDJdkGBTZ8, 100,
tz1WvL7MKyCuUHfC3FxPFyiXcy8hHTBT3vjE, 100,
tz1WwDDoqA6h1wAnAoT5jiCYJz5CB43f3D78, 100,
tz1WyXEHRKbdkYCQ8hCsrAqnjcTRsRWnLcrX, 100,
tz1X4Qb9NJ7JEuitX3jFpZptuAh7DUnCaLs1, 100,
tz1XCJBHkDn2D9wjgXEJHMi2jTxg563XUunQ, 100,
tz1XWjJDAUnjgrLqCBnvB6icFBy5CDFxMmdg, 100,
tz1Xek93iSXXckyQ6aYLVS5Rr2tge2en7ZxS, 100,
tz1XfAjZyaLdceHnZxbMYop7g7kWKPut4PR7, 100,
tz1XhnCdVENzgko5x1MMswLHSoQbJ5NPwLZ6, 100,
tz1Xsrfv6hn86fp88YfRs6xcKwt2nTqxVZYM, 100,
tz1Y7tsDmwrJocSt81Nt8apH1h6LnehMLRiH, 100,
tz1YYGxNoRpD86V5Z1aJCNonGShrsEoS92pG, 100,
tz1YsFfbT76a69Co3CkmuvYsphKZuHCNksp7, 100,
tz1Z1WwoqgRFbLE3YNdYRpCx44NSfiMJzeAG, 100,
tz1Z1tMai15JWUWeN2PKL9faXXVPMuWamzJj, 100,
tz1Z2jXfEXL7dXhs6bsLmyLFLfmAkXBzA9WE, 100,
tz1Z3KCf8CLGAYfvVWPEr562jDDyWkwNF7sT, 100,
tz1Z9M4biBHSiH38k5ciRMjR5bgk89yEgLTz, 100,
tz1ZBpSg7sZ4CyvLMmeNcLugdtQpXubPts9e, 100,
tz1ZcTRk5uxD86EFEn1vvNffWWqJy7q5eVhc, 100,
tz1Zhv3RkfU2pHrmaiDyxp7kFZpZrUCu1CiF, 100,
tz1ZmwdTjvjFCApmANyzZgA7NR8bK6n3ve1A, 100,
tz1ZxieiZSmT561rGW131bYH5iCM9hfFCxCz, 100,
tz1a51WYsAsoh4fs4A4x5aCN6Za26mpfDfTi, 100,
tz1aDiEJf9ztRrAJEXZfcG3CKimoKsGhwVAi, 100,
tz1aEsrxrhTYNcg897HjSWnJ5yjR95pxVD1d, 100,
tz1aRoaRhSpRYvFdyvgWLL6TGyRoGF51wDjM, 100,
tz1aT8GN2q8nYuRsaHhQQ5zQSovzUY9CQVPf, 100,
tz1aXD7Jigrt3PBYSpHSg5Rr33SexMmmM5Ys, 100,
tz1abmz7jiCV2GH2u81LRrGgAFFgvQgiDiaf, 100,
tz1acZQd7TdfoiUnD2czHnTHB2TaJQP6gdqo, 100,
tz1aehDcppdSz7Af2PtXvNQtqpeMfvFFYFHf, 100,
tz1aiYKXmSRckyJ9EybKmpVry373rfyngJU8, 100,
tz1aqcYgG6NuViML5vdWhohHJBYxcDVLNUsE, 100,
tz1bL1TQrksN6ZASJfDq4k2DfZHdoFwZf6Ah, 100,
tz1bLwpPfr3xqy1gWBF4sGvv8bLJyPHR11kx, 100,
tz1bTpviNnyx2PXsNmGpCQTMQsGoYordkUoA, 100,
tz1bZ8vsMAXmaWEV7FRnyhcuUs2fYMaQ6Hkk, 100,
tz1buKjcdZgxNt9UdQWyQ1kzBjpWijgBJmMo, 100,
tz1c461F8GirBvq5DpFftPoPyCcPR7HQM6gm, 100,
tz1c8JTzmA6c7cm6ZmUwR7WES6akdiMa1kwt, 100,
tz1cGAgSpszN8CDCPctFdX4mDZqWhFeoQ1kg, 100,
tz1cSoWttzYi9taqyHfcKS86b5M31SoaTQdg, 100,
tz1cTqxKisjoduNzh9NA8F2bBzvcwKJRLCs1, 100,
tz1cX93Q3KsiTADpCC4f12TBvAmS5tw7CW19, 100,
tz1cYufsxHXJcvANhvS55h3aY32a9BAFB494, 100,
tz1cZfFQpcYhwDp7y1njZXDsZqCrn2NqmVof, 100,
tz1cb8xcmJWcdVU7cNAd93MfEReorvP52P8x, 100,
tz1d6Fx42mYgVFnHUW8T8A7WBfJ6nD9pVok8, 100,
tz1d9ek6HrScY6QRZ71NJdB85MNz8gKGBjrv, 100,
tz1dKRZVcmJBVNvaAueUmqX42vVEaLb2MbA6, 100,
tz1dSmmQY4HUzu39PRzMRZkBFWQVGaiFkdYR, 100,
tz1dUpfvjmAX3HLYvYhAwb94qe7nJodJr51c, 100,
tz1dwPPhzb6uJcmrE8CwMadw8vxGRjNEDURc, 100,
tz1eCs8nFQiKTqwcqQjKyz8QGMCQ4JAXbPS8, 100,
tz1eCzNtidHvVgeRzQ38C81FPcYnxMsCEL6Z, 100,
tz1eDDuQBEgwvc6tbnnCVrnr12tvrd6gBTpx, 100,
tz1eE4ERseiJfLTy3ydsdiitpCMbRRHEGhqM, 100,
tz1eLbDXYceRsPZoPmaJXZgQ6pzgnTQvZtpo, 100,
tz1eibLoCDot2w2QWyR7kMoVDTto9fYs2mnJ, 100,
tz1f2ff2n1nBuwRZPh6CoDhtsYZW1Q47xK7b, 100,
tz1f3Re8iw6Pt3KMHAvyccHxDU3NuqL95axD, 100,
tz1f4Q9BqJ25Sc6T5pftWCHZ2ZaZTMPbRPQ4, 100,
tz1fJHFn6sWEd3NnBPngACuw2dggTv6nQZ7g, 100,
tz1fSMK7heYVf5ahfTCR8hMy4WHqn3ECMQUK, 100,
tz1fUjvVhJrHLZCbhPNvDRckxApqbkievJHN, 100,
tz1fUyqYH7H4pRHN1roWY17giXhy1RvxjgUV, 100,
tz1fWJaG5uj6bQZ19bCSLjELJz6g2J6inUL1, 100,
tz1fZ767VDbqx4DeKiFswPSHh513f51mKEUZ, 100,
tz1fb7c66UwePkkfDXz4ajFaBP9hVNLdS7JJ, 100,
tz1fikAGfa1MTxX2oJ7UCtvDpVKeH4KTp1UY, 100,
tz1g8vkmcde6sWKaG2NN9WKzCkDM6Rziq194, 100,
tz1gfArv665EUkSg2ojMBzcbfwuPxAvqPvjo, 100,
tz1gg5bjopPcr9agjamyu9BbXKLibNc2rbAq, 100,
tz1go7f6mEQfT2xX2LuHAqgnRGN6c2zHPf5c, 100,
tz1gvrUnfTfEcRW6qcgB6FJdZnAxv4HG1rj9, 100,
tz1h4GUAMweP7SNWzDgvMk3yRCAZyaP1MxZq, 100,
tz1hAYfexyzPGG6RhZZMpDvAHifubsbb6kgn, 100,
tz1htkDfs1jqfzyQiDonjQvat4RS58Ljm2zy, 100,
tz1iZEKy4LaAjnTmn2RuGDf2iqdAQKnRi8kY, 100,
tz1ihFFcpJQWpaUBSNbFeXV9BxF7VmkJswwj, 100,
tz1inhpLat1tg2R6upJMmHNfWfRzu5d6ZxKJ, 100,
tz1isXamBXpTUgbByQ6gXgZQg4GWNW7r6rKE, 100,
tz2FCNBrERXtaTtNX6iimR1UJ5JSDxvdHM93, 100,
tz2PdGc7U5tiyqPgTSgqCDct94qd6ovQwP6u, 100,
tz3NExpXn9aPNZPorRE4SdjJ2RGrfbJgMAaV, 100,
tz3QCNyySViKHmeSr45kzDxzchys7NiXCWoa, 100,
tz3RB4aoyjov4KEVRbuhvQ1CKJgBJMWhaeB8, 100,
tz3RDC3Jdn4j15J7bBHZd29EUee9gVB1CxD9, 100,
tz3UoffC7FG7zfpmvmjUmUeAaHvzdcUvAj6r, 100,
tz3VEZ4k6a4Wx42iyev6i2aVAptTRLEAivNN, 100,
tz3WMqdzXqRWXwyvj5Hp2H7QEepaUuS7vd9K, 100,
tz3adcvQaKXTCg12zbninqo3q8ptKKtDFTLv, 100,
tz3bEQoFCZEEfZMskefZ8q8e4eiHH1pssRax, 100,
tz3bTdwZinP8U1JmSweNzVKhmwafqWmFWRfk, 100,
tz3bvNMQ95vfAYtG8193ymshqjSvmxiCUuR5, 100,
tz3e7LbZvUtoXhpUD1yb6wuFodZpfYRb9nWJ, 100,